Workbook

Sheet Bilan
A1: DEBT_01 — Bilan de puissance — Récepteurs
A2: Unités de la donnée : kVA = puissance apparente constructeur ; kWm = puissance utile mécanique d'un moteur (S = P ⁄ (η × cos φ)) ; kWe = puissance électrique absorbée (S = P ⁄ cos φ)
A4: Repère | B4: Récepteur | C4: Modèle retenu | D4: Groupe | E4: Qté | F4: Tension (V) | G4: Donnée constructeur | H4: Unité | I4: η | J4: cos φ | K4: S unitaire (kVA) | L4: S installée (kVA) | M4: ku | N4: ku × S (kVA) | O4: IB unitaire (A) | P4: Source de la donnée | Q4: Statut | R4: Justification du ku
A5: T1-T2 | B5: Tour à commande numérique | C5: DN Solutions Lynx 2100LA (FANUC) | D5: G1 | E5: 2 | F5: 400 | G5: 24.21 | H5: kVA | K5: =IF(H5="kVA",G5,IF(H5="kWm",G5/(I5*J5),G5/J5)) -> 24.21 | L5: =E5*K5 -> 48.42 | M5: 0.75 | N5: =L5*M5 -> 36.315 | O5: =IF(F5=Parametres!$B$5,K5*1000/(Parametres!$B$7*F5),K5*1000/F5) -> 34.944125 | P5: Catalogue DN Solutions « Lynx 2100·2600 », ENG E36 260615, p. 32, ligne Power consumption (FANUC). ku : guide Schneider 2017, § 4.3.1, p. A23 | Q5: Sourcé | R5: Moteurs en installation industrielle : 0,75 en moyenne (guide Schneider 2017, § 4.3.1, p. A23)
A6: C1-C2 | B6: Centre d'usinage vertical | C6: DN Solutions DNM 4000 | D6: G1 | E6: 2 | F6: 400 | G6: 29.5 | H6: kVA | K6: =IF(H6="kVA",G6,IF(H6="kWm",G6/(I6*J6),G6/J6)) -> 29.5 | L6: =E6*K6 -> 59 | M6: 0.75 | N6: =L6*M6 -> 44.25 | O6: =IF(F6=Parametres!$B$5,K6*1000/(Parametres!$B$7*F6),K6*1000/F6) -> 42.579582 | P6: Catalogue DN Solutions « DNM 4000 », ENG SU E16 260615, p. 13, ligne electric power supply (rated capacity). ku : idem | Q6: Sourcé | R6: Idem (§ 4.3.1, p. A23)
A7: P1 | B7: Perceuse à colonne | C7: Optimum OPTIdrill B 34H (2,2 kW, grande vitesse) | D7: G2 | E7: 1 | F7: 400 | G7: 2.2 | H7: kWm | I7: 0.87 | J7: 0.79 | K7: =IF(H7="kVA",G7,IF(H7="kWm",G7/(I7*J7),G7/J7)) -> 3.2009312 | L7: =E7*K7 -> 3.2009312 | M7: 0.75 | N7: =L7*M7 -> 2.4006984 | O7: =IF(F7=Parametres!$B$5,K7*1000/(Parametres!$B$7*F7),K7*1000/F7) -> 4.6201462 | P7: P : fiche Stürmer Maschinen OPTIdrill B 34H, art. 3020333 (1,50 / 2,20 kW, 400 V). η, cos φ : moteur de référence WEG W22 IE3 2,2 kW 4 pôles, carcasse 100L, catalogue WEG 50025712, p. 34 (In = 4,62 A) | Q7: Sourcé | R7: Idem (§ 4.3.1, p. A23) ; machine manuelle intermittente
A8: S1 | B8: Scie à ruban — moteur de lame | C8: Optimum OPTIsaw S 275N | D8: G2 | E8: 1 | F8: 400 | G8: 1.1 | H8: kWm | I8: 0.841 | J8: 0.79 | K8: =IF(H8="kVA",G8,IF(H8="kWm",G8/(I8*J8),G8/J8)) -> 1.6556541 | L8: =E8*K8 -> 1.6556541 | M8: 0.75 | N8: =L8*M8 -> 1.2417405 | O8: =IF(F8=Parametres!$B$5,K8*1000/(Parametres!$B$7*F8),K8*1000/F8) -> 2.3897308 | P8: P : Optimum S 275N, 1,1 kW 400 V (revendeurs : source secondaire). η, cos φ : moteur de référence WEG W22 IE3 1,1 kW 4 pôles, carcasse 90S, catalogue WEG 50025712, p. 34 (In = 2,39 A) | Q8: À confirmer | R8: Idem (§ 4.3.1, p. A23)
A9: S1p | B9: Scie à ruban — pompe d'arrosage | C9: Optimum OPTIsaw S 275N | D9: G2 | E9: 1 | F9: 400 | G9: 0.09 | H9: kWe | J9: 1 | K9: =IF(H9="kVA",G9,IF(H9="kWm",G9/(I9*J9),G9/J9)) -> 0.09 | L9: =E9*K9 -> 0.09 | M9: 0.75 | N9: =L9*M9 -> 0.0675 | O9: =IF(F9=Parametres!$B$5,K9*1000/(Parametres!$B$7*F9),K9*1000/F9) -> 0.12990381 | P9: P : fiche Optimum S 275N (90 W). cos φ inconnu, pris égal à 1 (sous-estimation négligeable) | Q9: À confirmer | R9: Idem (§ 4.3.1, p. A23)
A10: K1 | B10: Compresseur d'air à vis (étoile-triangle) | C10: Atlas Copco G 11 | D10: G2 | E10: 1 | F10: 400 | G10: 11 | H10: kWm | I10: 0.912 | J10: 0.83 | K10: =IF(H10="kVA",G10,IF(H10="kWm",G10/(I10*J10),G10/J10)) -> 14.531811 | L10: =E10*K10 -> 14.531811 | M10: 1 | N10: =L10*M10 -> 14.531811 | O10: =IF(F10=Parametres!$B$5,K10*1000/(Parametres!$B$7*F10),K10*1000/F10) -> 20.974863 | P10: P = 11 kW : brochure Atlas Copco G 2-22 (2935 0869 42), p. 7. Démarrage étoile-triangle (version IEC) : manuel Atlas Copco G 7-G 15 (2924 7191 00), p. 58 et 80-81. η, cos φ : moteur de référence WEG W22 IE3 11 kW 2 pôles, catalogue WEG 50025712, p. 34 (In = 21,0 A). Polarité réelle à lire sur plaque | Q10: À confirmer | R10: Au-dessus de la moyenne du § 4.3.1 : fonctionnement quasi continu pendant le poste ; 1 retenu par prudence
A11: PR-L | B11: Pont roulant 1 t — levage | C11: Demag DC-Com 10, palan à chaîne 1 000 kg, mouflage 1/1 | D11: G2 | E11: 1 | F11: 400 | G11: =SQRT(3)*400*3.1/1000 -> 2.147743 | H11: kVA | K11: =IF(H11="kVA",G11,IF(H11="kWm",G11/(I11*J11),G11/J11)) -> 2.147743 | L11: =E11*K11 -> 2.147743 | M11: 1 | N11: =L11*M11 -> 2.147743 | O11: =IF(F11=Parametres!$B$5,K11*1000/(Parametres!$B$7*F11),K11*1000/F11) -> 3.1 | P11: Moteur ZNK 100 A 8/2, grande vitesse 1,10 kW, 40 % ED, In = 3,1 A à 380-415 V, cos φ 0,81 : Demag, Technical data DC-Com (203 571 44, 13/12/2019), p. 13 et 15. S = √3 × 400 × 3,1 | Q11: Sourcé | R11: Moteur à pleine charge pendant le levage ; l'intermittence est prise en compte par le ks du groupe
A12: PR-C | B12: Pont roulant 1 t — translation chariot | C12: Demag E11 (chariot U11) | D12: G2 | E12: 1 | F12: 400 | G12: 0.1 | H12: kWe | J12: 1 | K12: =IF(H12="kVA",G12,IF(H12="kWm",G12/(I12*J12),G12/J12)) -> 0.1 | L12: =E12*K12 -> 0.1 | M12: 1 | N12: =L12*M12 -> 0.1 | O12: =IF(F12=Parametres!$B$5,K12*1000/(Parametres!$B$7*F12),K12*1000/F12) -> 0.14433757 | P12: Demag 203 571 44, p. 27 : E11, 0,1 / 0,025 kW. cos φ inconnu : S pris égal à P (sous-estimation négligeable) | Q12: À confirmer | R12: Idem levage
A13: PR-P | B13: Pont roulant 1 t — translation pont | C13: Demag E22-C (2, maître et esclave) | D13: G2 | E13: 2 | F13: 400 | G13: 0.2 | H13: kWe | J13: 1 | K13: =IF(H13="kVA",G13,IF(H13="kWm",G13/(I13*J13),G13/J13)) -> 0.2 | L13: =E13*K13 -> 0.4 | M13: 1 | N13: =L13*M13 -> 0.4 | O13: =IF(F13=Parametres!$B$5,K13*1000/(Parametres!$B$7*F13),K13*1000/F13) -> 0.28867513 | P13: Hypothèse : 2 motoréducteurs E22-C, 0,2 / 0,05 kW, cités comme entraînement de translation (Demag 203 571 44, p. 28). À confirmer par devis de pont | Q13: À confirmer | R13: Idem levage
A14: E-AT | B14: Éclairage atelier | C14: Luminaires LED | D14: G3 | E14: 1 | F14: 230 | G14: =Parametres!$B$12*Parametres!$B$21/1000 -> 5.6 | H14: kVA | K14: =IF(H14="kVA",G14,IF(H14="kWm",G14/(I14*J14),G14/J14)) -> 5.6 | L14: =E14*K14 -> 5.6 | M14: 1 | N14: =L14*M14 -> 5.6 | O14: =IF(F14=Parametres!$B$5,K14*1000/(Parametres!$B$7*F14),K14*1000/F14) -> 24.347826 | P14: Surface H5 × ratio fig. A9 (300 lx). ku = 1 : guide Schneider, p. A23 | Q14: Sourcé | R14: Éclairage : ku = 1 (§ 4.3.1, p. A23)
A15: E-MG | B15: Éclairage magasin | C15: Luminaires LED | D15: G3 | E15: 1 | F15: 230 | G15: =Parametres!$B$13*Parametres!$B$20/1000 -> 0.7 | H15: kVA | K15: =IF(H15="kVA",G15,IF(H15="kWm",G15/(I15*J15),G15/J15)) -> 0.7 | L15: =E15*K15 -> 0.7 | M15: 1 | N15: =L15*M15 -> 0.7 | O15: =IF(F15=Parametres!$B$5,K15*1000/(Parametres!$B$7*F15),K15*1000/F15) -> 3.0434783 | P15: Surface H5 × ratio fig. A9 (150 lx) | Q15: Sourcé | R15: Idem
A16: E-CP | B16: Éclairage local compresseur | C16: Luminaires LED | D16: G3 | E16: 1 | F16: 230 | G16: =Parametres!$B$14*Parametres!$B$20/1000 -> 0.14 | H16: kVA | K16: =IF(H16="kVA",G16,IF(H16="kWm",G16/(I16*J16),G16/J16)) -> 0.14 | L16: =E16*K16 -> 0.14 | M16: 1 | N16: =L16*M16 -> 0.14 | O16: =IF(F16=Parametres!$B$5,K16*1000/(Parametres!$B$7*F16),K16*1000/F16) -> 0.60869565 | P16: Surface H5 × ratio fig. A9 (150 lx) | Q16: Sourcé | R16: Idem
A17: E-BU | B17: Éclairage bureaux | C17: Luminaires LED | D17: G3 | E17: 1 | F17: 230 | G17: =Parametres!$B$15*Parametres!$B$22/1000 -> 1.44 | H17: kVA | K17: =IF(H17="kVA",G17,IF(H17="kWm",G17/(I17*J17),G17/J17)) -> 1.44 | L17: =E17*K17 -> 1.44 | M17: 1 | N17: =L17*M17 -> 1.44 | O17: =IF(F17=Parametres!$B$5,K17*1000/(Parametres!$B$7*F17),K17*1000/F17) -> 6.2608696 | P17: Surface H5 × ratio fig. A9 (500 lx) | Q17: Sourcé | R17: Idem
A18: E-LS | B18: Éclairage locaux sociaux | C18: Luminaires LED | D18: G3 | E18: 1 | F18: 230 | G18: =Parametres!$B$16*Parametres!$B$20/1000 -> 0.42 | H18: kVA | K18: =IF(H18="kVA",G18,IF(H18="kWm",G18/(I18*J18),G18/J18)) -> 0.42 | L18: =E18*K18 -> 0.42 | M18: 1 | N18: =L18*M18 -> 0.42 | O18: =IF(F18=Parametres!$B$5,K18*1000/(Parametres!$B$7*F18),K18*1000/F18) -> 1.826087 | P18: Surface H5 × ratio fig. A9, ligne circulation (choix : pas de ligne spécifique) | Q18: Sourcé | R18: Idem
A19: PC1-5 | B19: Coffret de prises (1 × 32 A tri + 2 × 16 A mono) | C19: Coffrets industriels | D19: G4 | E19: =Parametres!$B$35+Parametres!$B$36 -> 5 | F19: 400 | G19: =Parametres!$B$31 -> 29.53025 | H19: kVA | K19: =IF(H19="kVA",G19,IF(H19="kWm",G19/(I19*J19),G19/J19)) -> 29.53025 | L19: =E19*K19 -> 147.65125 | M19: 1 | N19: =L19*M19 -> 147.65125 | O19: — | P19: Choix de conception (4 coffrets atelier, 1 magasin), méthode du courant assigné. ks du groupe : fig. A13 | Q19: Sourcé | R19: Prises comptées à leur courant assigné (ku = 1) ; la faible utilisation est prise par ks = 0,2 (fig. A13, p. A26)
A20: PB | B20: Prises bureautiques | C20: — | D20: G5 | E20: 1 | F20: 230 | G20: =Parametres!$B$15*Parametres!$B$23/1000 -> 1.5 | H20: kVA | K20: =IF(H20="kVA",G20,IF(H20="kWm",G20/(I20*J20),G20/J20)) -> 1.5 | L20: =E20*K20 -> 1.5 | M20: 1 | N20: =L20*M20 -> 1.5 | O20: =IF(F20=Parametres!$B$5,K20*1000/(Parametres!$B$7*F20),K20*1000/F20) -> 6.5217391 | P20: Surface bureaux × ratio fig. A9 « bureaux » (25 VA/m²) | Q20: Sourcé | R20: Ratio de consommation déjà moyenné (fig. A9) : pas de réduction supplémentaire
A21: CE | B21: Chauffe-eau électrique 200 L | C21: Atlantic Zénéo 200 L vertical mural | D21: G5 | E21: 1 | F21: 230 | G21: 2.2 | H21: kWe | J21: 1 | K21: =IF(H21="kVA",G21,IF(H21="kWm",G21/(I21*J21),G21/J21)) -> 2.2 | L21: =E21*K21 -> 2.2 | M21: 1 | N21: =L21*M21 -> 2.2 | O21: =IF(F21=Parametres!$B$5,K21*1000/(Parametres!$B$7*F21),K21*1000/F21) -> 9.5652174 | P21: Fiche Atlantic Zénéo, réf. ED 999 538 (octobre 2015) : 2 200 W, 230 V. Résistif : cos φ = 1, ku = 1 (p. A23) | Q21: Sourcé | R21: Résistif, chauffage : ku = 1 (§ 4.3.1, p. A23)
A22: PAC | B22: Pompe à chaleur air/air bureaux | C22: Daikin Perfera FTXM50R + RXM50 | D22: G5 | E22: 1 | F22: 230 | G22: =5.8/4 -> 1.45 | H22: kWe | J22: 1 | K22: =IF(H22="kVA",G22,IF(H22="kWm",G22/(I22*J22),G22/J22)) -> 1.45 | L22: =E22*K22 -> 1.45 | M22: 1 | N22: =L22*M22 -> 1.45 | O22: =IF(F22=Parametres!$B$5,K22*1000/(Parametres!$B$7*F22),K22*1000/F22) -> 6.3043478 | P22: daikin.eu : capacité de chauffage nominale 5,8 kW, COP 4,00, d'où P = 5,8 ⁄ 4,00. Non dimensionnée par calcul thermique ; cos φ pris égal à 1. À confirmer : puissance absorbée maximale | Q22: À confirmer | R22: Chauffage et climatisation : ku = 1 (§ 4.3.1 ; fig. A13)
A23: TR | B23: Auxiliaires des tubes radiants gaz | C23: Jetto Monobloc JM 22 (22 kW gaz) | D23: G5 | E23: 4 | F23: 230 | G23: 0.065 | H23: kWe | J23: 1 | K23: =IF(H23="kVA",G23,IF(H23="kWm",G23/(I23*J23),G23/J23)) -> 0.065 | L23: =E23*K23 -> 0.26 | M23: 1 | N23: =L23*M23 -> 0.26 | O23: =IF(F23=Parametres!$B$5,K23*1000/(Parametres!$B$7*F23),K23*1000/F23) -> 0.2826087 | P23: Fiche Jetto Monobloc (Batiproduits) : 65 W, 230 V. Nombre de tubes provisoire (4) : calcul de déperditions au J6. Impact négligeable | Q23: À confirmer | R23: Auxiliaires en service pendant toute la chauffe : ku = 1
B24: Total puissance installée | L24: =SUM(L5:L23) -> 290.90739 | N24: =SUM(N5:N23) -> 262.81575

Sheet Synthese
A1: DEBT_01 — Bilan de puissance — Synthèse par groupe et au TGBT
A2: Pu = ks × Σ(ku × S) ; IB = Pu ⁄ (√3 × U) (guide Schneider 2017, § 4.3 à 4.4, p. A23 à A26)
A4: Groupe | B4: Contenu | C4: Σ ku × S (kVA) | D4: ks | E4: Source du ks | F4: P utilisation (kVA) | G4: IB (A)
A5: G1 | B5: Machines à commande numérique (4 circuits) | C5: =SUMIF(Bilan!$D$5:$D$23,A5,Bilan!$N$5:$N$23) -> 80.565 | D5: 0.8 | E5: Fig. A12, p. A25 : tableau de 4 à 5 circuits | F5: =C5*D5 -> 64.452 | G5: =F5*1000/(Parametres!$B$7*Parametres!$B$5) -> 93.028449
A6: G2 | B6: Autres moteurs : perceuse, scie, compresseur, pont roulant (4 circuits) | C6: =SUMIF(Bilan!$D$5:$D$23,A6,Bilan!$N$5:$N$23) -> 20.889493 | D6: 0.8 | E6: Fig. A12, p. A25 : tableau de 4 à 5 circuits | F6: =C6*D6 -> 16.711595 | G6: =F6*1000/(Parametres!$B$7*Parametres!$B$5) -> 24.121109
A7: G3 | B7: Éclairage | C7: =SUMIF(Bilan!$D$5:$D$23,A7,Bilan!$N$5:$N$23) -> 8.3 | D7: 1 | E7: Fig. A13, p. A26 : éclairage | F7: =C7*D7 -> 8.3 | G7: =F7*1000/(Parametres!$B$7*Parametres!$B$5) -> 11.980018
A8: G4 | B8: Coffrets de prises | C8: =SUMIF(Bilan!$D$5:$D$23,A8,Bilan!$N$5:$N$23) -> 147.65125 | D8: 0.2 | E8: Fig. A13, p. A26 : prises 0,1 à 0,2, valeur haute (usage industriel) | F8: =C8*D8 -> 29.53025 | G8: =F8*1000/(Parametres!$B$7*Parametres!$B$5) -> 42.623245
A9: G5 | B9: Bureaux, locaux sociaux, chauffage : bureautique, chauffe-eau, pompe à chaleur, auxiliaires | C9: =SUMIF(Bilan!$D$5:$D$23,A9,Bilan!$N$5:$N$23) -> 5.41 | D9: 1 | E9: Fig. A13, p. A26 : chauffage et conditionnement d'air ; valeur prudente pour la bureautique | F9: =C9*D9 -> 5.41 | G9: =F9*1000/(Parametres!$B$7*Parametres!$B$5) -> 7.8086624
B11: Au TGBT
B12: Somme des puissances d'utilisation des groupes | C12: =SUM(F5:F9) -> 124.40385 | D12: kVA
B13: ks du TGBT (provisoire, recalculé au J3 avec l'architecture) | C13: 0.9 | D13: —
B14: Puissance d'utilisation au TGBT (coefficient d'extension compris) | C14: =C12*C13*C23 -> 111.96346 | D14: kVA
B15: Courant d'emploi au point de livraison | C15: =C14*1000/(Parametres!$B$7*Parametres!$B$5) -> 161.60534 | D15: A
B16: Plafond du raccordement C4 | C16: =Parametres!$B$8 -> 250 | D16: kVA
B17: Marge par rapport au plafond | C17: =1-C14/C16 -> 0.55214616 | D17: —
B18: Vérification | C18: =IF(C14<=C16,"Sous le plafond C4","DÉPASSEMENT : raccordement HTA nécessaire") -> Sous le plafond C4 | D18: —
B19: Puissance installée totale (rappel) | C19: =Bilan!L24 -> 290.90739 | D19: kVA
B20: Rapport puissance d'utilisation ⁄ puissance installée | C20: =C14/C19 -> 0.38487664 | D20: —
B21: Contrôle : force motrice d'un atelier d'usinage par ratio (fig. A9, 300 VA/m²) | C21: =Parametres!$B$12*Parametres!$B$24/1000 -> 120 | D21: kVA
B22: Contrôle : S installée des seules machines CN (groupe G1) | C22: =SUMIF(Bilan!$D$5:$D$23,"G1",Bilan!$L$5:$L$23) -> 107.42 | D22: kVA
B23: Coefficient d'extension (H13 : aucune extension prévue) | C23: 1 | D23: —
B24: Guide Schneider 2017, § 4.3 (p. A22) et § 4.5 (p. A26) : prise en compte des extensions prévisibles. H13 : coefficient 1 ; la marge sous le plafond C4 couvrirait une extension modérée.

Sheet Souscription
A1: DEBT_01 — Puissance à souscrire (TURPE 7, BT > 36 kVA)
A2: Formules : Enedis, TURPE 7 HTA/BT, tarifs au 1er août 2026, p. 15-16 ; coefficients : délibération CRE n° 2026-105, annexe 2, p. 21 à 28
A4: Donnée | B4: Valeur | C4: Unité | F4: Source / justification
A5: Puissance d'utilisation au TGBT | B5: =Synthese!C14 -> 111.96346 | C5: kVA | F5: Bilan, onglet Synthèse
A6: Puissance souscrite retenue, identique sur les 4 plages | B6: =ROUNDUP(B5,0) -> 112 | C6: kVA | F6: Souscription par multiples de 1 kVA (Enedis, p. 15). Pic en heures pleines toute l'année ; la règle P1 ≤ P2 ≤ P3 ≤ P4 (plage 1 = heures pleines de saison haute) impose alors la même valeur partout
A7: CMDPS : coefficient α | B7: 12.79 | C7: €/h | F7: CRE 2026-105, p. 28 ; CMDPS = α × h, h : durée de dépassement (Enedis, p. 16)
A8: Composante de gestion (contrat unique, Rf inclus) | B8: 222.53 | C8: €/an | F8: CRE 2026-105, p. 21
A9: Composante de comptage | B9: 291.88 | C9: €/an | F9: CRE 2026-105, annexe 2
A11: Hypothèse H12 : fonctionnement (majorant d'énergie)
A12: Donnée | B12: Valeur | C12: Unité | F12: Justification
A13: Heures de fonctionnement par jour | B13: 8 | C13: h | F13: Un poste de journée (H3) ; hypothèse
A14: Jours par semaine | B14: 5 | C14: j | F14: H3
A15: Semaines par an | B15: 52 | C15: sem | F15: Majorant : aucun congé déduit
A16: Heures de fonctionnement par an | B16: =B13*B14*B15 -> 2080 | C16: h | F16: Calcul
A17: Part de l'année en saison haute (novembre à mars) | B17: =5/12 -> 0.41666667 | C17: — | F17: Enedis, glossaire, p. 22
A18: Énergie annuelle majorante | B18: =B5*B16 -> 232884 | C18: kWh | F18: Majorant : puissance d'utilisation maintenue tout le poste, kVA pris pour des kW
A19: dont heures pleines de saison haute | B19: =B18*B17 -> 97034.999 | C19: kWh | F19: Toute l'énergie supposée en heures pleines : cas le plus favorable à la longue utilisation
A20: dont heures pleines de saison basse | B20: =B18*(1-B17) -> 135849 | C20: kWh | F20: Idem
A22: Comparaison courte utilisation ⁄ longue utilisation
A23: Terme | B23: Courte util. | C23: Longue util. | D23: Unité | F23: Source
A24: b1 : heures pleines de saison haute | B24: 18.15 | C24: 31.08 | D24: €/kVA/an | F24: CRE 2026-105, p. 27
A25: c1 : heures pleines de saison haute | B25: 7.12 | C25: 5.86 | D25: c€/kWh | F25: Idem
A26: c3 : heures pleines de saison basse | B26: 2.19 | C26: 2.07 | D26: c€/kWh | F26: Idem
A27: Part puissance : b1 × PS | B27: =B24*$B$6 -> 2032.8 | C27: =C24*$B$6 -> 3480.96 | D27: €/an | F27: CS = b1·P1 + Σ bi·(Pi − Pi−1) + Σ ci·Ei ; Pi toutes égales, donc seul b1·P1 subsiste
A28: Part énergie : c1 × E1 + c3 × E3 | B28: =(B25*$B$19+B26*$B$20)/100 -> 9883.985 | C28: =(C25*$B$19+C26*$B$20)/100 -> 8498.3252 | D28: €/an | F28: Énergies majorantes (H12)
A29: Composante de soutirage totale | B29: =B27+B28 -> 11916.785 | C29: =C27+C28 -> 11979.285 | D29: €/an | F29: Somme
A30: Écart longue − courte utilisation | C30: =C29-B29 -> 62.500212 | D30: €/an | F30: Positif : la courte utilisation est moins chère, même dans le cas majorant
A32: Conclusion
A33: =IF(C30>0,"Option retenue : courte utilisation, "&TEXT(B6,"0")&" kVA sur les quatre plages. Elle reste la moins chère même avec l'énergie majorante de H12 ; l'énergie réelle, plus faible, renforce ce choix.","La longue utilisation devient intéressante : réexaminer H12.") -> Option retenue : courte utilisation, 112 kVA sur les quatre plages. Elle reste la moins chère même avec l'énergie majorante de H12 ; l'énergie réelle, plus faible, renforce ce choix.
A36: Ordre de grandeur : 1 kVA souscrit en plus coûte b1 = 18,15 €/an ; 1 heure de dépassement coûte α = 12,79 €. Une marge de souscription est donc peu coûteuse face au risque de dépassement.

Sheet Parametres
A1: DEBT_01 — Bilan de puissance — Paramètres
A2: Version 4 (clôture du J2) — texte bleu : donnée saisie ; texte noir : formule
A4: Paramètre | B4: Valeur | C4: Unité | D4: Source / justification
A5: Tension entre phases U | B5: 400 | C5: V | D5: Cahier des charges v1.0, section 3 (réseau triphasé 230/400 V)
A6: Tension simple V | B6: 230 | C6: V | D6: Idem
A7: Racine de 3 | B7: =SQRT(3) -> 1.7320508 | C7: — | D7: Constante
A8: Plafond de puissance du raccordement C4 | B8: 250 | C8: kVA | D8: Cahier des charges v1.0, section 3 (segment C4, 36 à 250 kVA)
A10: Surfaces (H5, provisoires jusqu'au plan du J3)
A11: Zone | B11: Surface | C11: Unité | D11: Source / justification
A12: Atelier | B12: 400 | C12: m² | D12: Valeur de programme (H5)
A13: Magasin et expédition | B13: 100 | C13: m² | D13: Valeur de programme (H5)
A14: Local compresseur | B14: 20 | C14: m² | D14: Valeur de programme (H5)
A15: Bureaux (m² utiles) | B15: 60 | C15: m² | D15: INRS ED 23 (2007) : 10 m² par poste × 6 postes (H3, H5)
A16: Locaux sociaux | B16: 60 | C16: m² | D16: Valeur de programme (H5)
A18: Ratios d'éclairage (H11) et de bureautique
A19: Usage | B19: Ratio | C19: Unité | D19: Source / justification
A20: Éclairage — circulation, stockage (150 lx) | B20: 7 | C20: VA/m² | D20: Guide Schneider 2017, fig. A9, p. A22-A23 (base fluorescente : majorant pour LED)
A21: Éclairage — gros travaux, atelier (300 lx) | B21: 14 | C21: VA/m² | D21: Idem
A22: Éclairage — bureaux (500 lx) | B22: 24 | C22: VA/m² | D22: Idem
A23: Force motrice — bureaux (bureautique) | B23: 25 | C23: VA/m² | D23: Guide Schneider 2017, fig. A9, p. A23
A24: Contrôle : force motrice atelier d'usinage | B24: 300 | C24: VA/m² | D24: Guide Schneider 2017, fig. A9, p. A23 (ordre de grandeur de contrôle)
A26: Coffret de prises type (choix de conception, J2.5)
A27: Élément | B27: Valeur | C27: Unité | D27: Source / justification
A28: Prise industrielle triphasée : courant assigné | B28: 32 | C28: A | D28: Choix de conception : 1 par coffret
A29: Prises monophasées : courant assigné | B29: 16 | C29: A | D29: Choix de conception
A30: Nombre de prises monophasées par coffret | B30: 2 | C30: — | D30: Choix de conception
A31: Puissance d'un coffret (méthode du courant assigné) | B31: =($B$7*$B$5*B28+B30*$B$6*B29)/1000 -> 29.53025 | C31: kVA | D31: S = (√3 × U × 32 + 2 × V × 16) ⁄ 1000
A33: Justification du nombre et de la composition des coffrets
A34: Point | B34: Valeur | C34: Unité | D34: Justification
A35: Nombre de coffrets dans l'atelier | B35: 4 | C35: — | D35: Un coffret par zone de travail : tournage, fraisage, débit et perçage, établi et contrôle ; chaque poste à portée d'un câble d'outillage portatif, sans rallonge au sol entre les machines. Aucune norme ne fixe ce nombre en local industriel : choix de conception, à vérifier sur le plan du J3
A36: Nombre de coffrets dans le magasin | B36: 1 | C36: — | D36: Outillage de réception et d'expédition. Choix de conception, à vérifier sur le plan du J3
A37: Calibres retenus (16 A et 32 A) | C37: — | D37: Calibres normalisés des prises industrielles (norme CEI 60309) ; 32 A triphasé pour un équipement mobile puissant (poste à souder), 16 A pour l'outillage portatif et les baladeuses
A38: Méthode de comptage | C38: — | D38: Chaque prise comptée à son courant assigné (ku = 1) ; la faible utilisation réelle est prise en compte par ks = 0,2 sur le groupe (fig. A13, p. A26)
A39: Poids sur le bilan | C39: — | D39: Environ 30 kVA d'utilisation, 2e poste du bilan : levier à discuter au J3 avec le plan

Sheet Registre
A1: DEBT_01 — Registre des sources à confirmer
A2: À vider avant la version finale du dossier
A4: N° | B4: Élément | C4: Valeur provisoire | D4: Source actuelle | E4: Source à obtenir | F4: Poids sur le bilan
A5: 1 | B5: Scie : fiche constructeur | C5: 1,1 kW ; pompe 90 W | D5: Revendeurs Optimum (secondaire) | E5: Fiche ou notice Optimum / Stürmer S 275N (réf. 3300260) | F5: Négligeable
A6: 2 | B6: Compresseur : polarité et courant du moteur | C6: 2 pôles supposés ; 21,0 A (moteur de référence) | D6: WEG W22 IE3 11 kW 2 p. (primaire, moteur de référence) | E6: Plaque signalétique ou fiche électrique Atlas Copco G 11 | F6: Modéré (≈ 14 kVA)
A7: 3 | B7: Pont roulant : translation du pont | C7: 2 × 0,2 kW | D7: Demag 203 571 44, p. 28 (usage hors palan) | E7: Devis d'un pont monopoutre 1 t | F7: Négligeable
A8: 4 | B8: Pont roulant : hauteur de poutre, chemin de roulement, jeu en partie haute | C8: à déterminer | D8: — | E8: Devis constructeur ; norme EN 15011 (payante) | F8: Conditionne la hauteur sous charpente (H4)
A9: 5 | B9: Pompe à chaleur : puissance absorbée maximale | C9: 1,45 kW (nominale) ; fusible maxi 16 A | D9: daikin.eu ; fiche RXM-R (EEDEN21A), p. 5-6 | E9: Pages FTXM50R du databook Daikin | F9: Faible
A10: 6 | B10: Tubes radiants : nombre | C10: 4 × 65 W | D10: Notice Jetto JM 12 / JM 22 (19/07/2010), p. 2, 6, 7 | E10: Calcul de déperditions (J6) | F10: Négligeable
A11: 7 | B11: Tubes radiants : tension neutre-terre | C11: aucune tension admise (notice Jetto) | D11: Notice Jetto, p. 7 | E11: Vérification en schéma TT au J4 ; transformateur de séparation éventuel | F11: Point de protection, pas de puissance
A12: 8 | B12: Chauffe-eau : fiche chiffrée | C12: 2 200 W | D12: Revendeurs (secondaire) | E12: Fiche Atlantic Zénéo en vigueur | F12: Négligeable
A13: 9 | B13: Coffrets de prises : nombre et composition | C13: 5 coffrets (1 × 32 A tri + 2 × 16 A) | D13: Choix de conception (onglet Paramètres) | E13: Vérification sur le plan AutoCAD (J3) | F13: Fort (≈ 30 kVA d'utilisation)
A14: 10 | B14: ks du TGBT | C14: 0,9 (3 départs supposés) | D14: Fig. A12, hypothèse d'architecture | E14: Architecture de distribution (J3) | F14: Modéré (≈ 12 kVA)
A15: 11 | B15: TURPE : puissance souscrite minimale et maximale, heures creuses | C15: — | D15: Brochure Enedis au 01/08/2026 (souscription par multiples de 1 kVA) | E15: Délibération CRE 2025-78, § 5.1, p. 140-146 | F15: Faible sur le choix
